/D1 (d_del=1e-10) X,/D1 (d_del=1e-10) Y,/D1 (d_del=2e-10) X,/D1 (d_del=2e-10) Y,/D1 (d_del=3e-10) X,/D1 (d_del=3e-10) Y,/I0/output (d_del=1e-10) X,/I0/output (d_del=1e-10) Y,/I0/output (d_del=2e-10) X,/I0/output (d_del=2e-10) Y,/I0/output (d_del=3e-10) X,/I0/output (d_del=3e-10) Y,/V0/MINUS (d_del=1e-10) X,/V0/MINUS (d_del=1e-10) Y,/V0/MINUS (d_del=2e-10) X,/V0/MINUS (d_del=2e-10) Y,/V0/MINUS (d_del=3e-10) X,/V0/MINUS (d_del=3e-10) Y
0,0,0,0,0,0,0,0,0,0,0,0,0,1.485120272120331e-11,0,1.485120272120331e-11,0,1.485120272120331e-11
3.125000000000001e-14,0.0003125000000000001,3.125000000000001e-14,0.00015625,3.125000000000001e-14,0.0001041666666666667,3.125000000000001e-14,-1.067798844932942e-06,3.125000000000001e-14,-5.33936104139395e-07,3.125000000000001e-14,-3.559708043640218e-07,3.125000000000001e-14,-9.981567435294006e-07,3.125000000000001e-14,-4.991159241655733e-07,3.125000000000001e-14,-3.327522907604858e-07
9.375000000000002e-14,0.0009375000000000002,9.375000000000002e-14,0.0004687500000000001,9.375000000000002e-14,0.0003125000000000001,9.375000000000002e-14,-1.242793040450222e-06,9.375000000000002e-14,-6.214990958299501e-07,9.375000000000002e-14,-4.143159252254867e-07,9.375000000000002e-14,-1.189164956225347e-06,9.375000000000002e-14,-5.946850704076303e-07,9.375000000000002e-14,-3.964345696364267e-07
1.25e-13,0.00125,1.25e-13,0.0006250000000000001,1.25e-13,0.0004166666666666667,1.25e-13,-1.366494127457034e-06,1.25e-13,-6.826196384359437e-07,1.25e-13,-4.223438439078641e-07,1.25e-13,-1.120331187531543e-06,1.25e-13,-5.597828049096022e-07,1.25e-13,-4.058028661032634e-07
1.875e-13,0.001875,1.875e-13,0.0009375000000000002,1.875e-13,0.0006250000000000001,1.875e-13,-1.180571837798722e-06,1.875e-13,-5.911050433271871e-07,1.875e-13,-4.181031357959415e-07,1.875e-13,-1.278652568180174e-06,1.875e-13,-6.399160552118291e-07,1.875e-13,-4.024610878036885e-07
3.125e-13,0.003125,3.125e-13,0.0015625,3.125e-13,0.001041666666666667,3.125e-13,-1.357335661129979e-06,3.125e-13,-6.778410638581908e-07,3.125e-13,-4.404548059089947e-07,3.125e-13,-1.121916890323439e-06,3.125e-13,-5.603930299168001e-07,3.125e-13,-3.853908477170115e-07
5.625000000000001e-13,0.005625000000000001,5.625000000000001e-13,0.0028125,5.625000000000001e-13,0.001875,5.625000000000001e-13,-1.170780194993264e-06,5.625000000000001e-13,-5.863542554500629e-07,5.625000000000001e-13,-4.023784484078358e-07,5.625000000000001e-13,-1.290764714865955e-06,5.625000000000001e-13,-6.461992075804925e-07,5.625000000000001e-13,-4.190698908655419e-07
1.0625e-12,0.010625,1.0625e-12,0.0053125,1.0625e-12,0.003541666666666667,1.0625e-12,-1.334904632367345e-06,1.0625e-12,-6.666059423770646e-07,1.0625e-12,-4.329469573453295e-07,1.0625e-12,-1.142366531067466e-06,1.0625e-12,-5.708463960368403e-07,1.0625e-12,-3.923896755030314e-07
2.0625e-12,0.020625,2.0625e-12,0.0103125,2.0625e-12,0.006875000000000001,2.0625e-12,-1.128625770644842e-06,2.0625e-12,-5.651898667150197e-07,2.0625e-12,-3.882491652178367e-07,2.0625e-12,-1.331657005778336e-06,2.0625e-12,-6.67459893661713e-07,2.0625e-12,-4.334173591892252e-07
4.062500000000001e-12,0.040625,4.062500000000001e-12,0.0203125,4.062500000000001e-12,0.01354166666666667,4.062500000000001e-12,-1.255104459071755e-06,4.062500000000001e-12,-6.257939209239437e-07,4.062500000000001e-12,-4.055318001823671e-07,4.062500000000001e-12,-1.217669523420117e-06,4.062500000000001e-12,-6.109572512311206e-07,4.062500000000001e-12,-4.196487417443291e-07
8.062500000000001e-12,0.08062500000000002,8.062500000000001e-12,0.04031250000000001,8.062500000000001e-12,0.026875,8.062500000000001e-12,-9.887946283497219e-07,8.062500000000001e-12,-4.908757774523788e-07,8.062500000000001e-12,-3.377177171486224e-07,8.062500000000001e-12,-1.460255594360021e-06,8.062500000000001e-12,-7.403599281077625e-07,8.062500000000001e-12,-4.837332419150795e-07
1.60625e-11,0.160625,1.60625e-11,0.08031250000000001,1.60625e-11,0.05354166666666667,1.60625e-11,-1.045417354948055e-06,1.60625e-11,-5.02211905777929e-07,1.60625e-11,-3.191512801332678e-07,1.60625e-11,-1.388929262586607e-06,1.60625e-11,-7.297941137932031e-07,1.60625e-11,-5.048716435848354e-07
3.206250000000001e-11,0.320625,3.206250000000001e-11,0.1603125,3.206250000000001e-11,0.106875,3.206250000000001e-11,-7.818253709899793e-07,3.206250000000001e-11,-3.241047153646441e-07,3.206250000000001e-11,-2.116479391537676e-07,3.206250000000001e-11,-1.447179777783321e-06,3.206250000000001e-11,-8.889662925048295e-07,3.206250000000001e-11,-6.049980026628662e-07
6.40625e-11,0.640625,6.40625e-11,0.3203125,6.40625e-11,0.2135416666666667,6.40625e-11,4.704537392630634e-06,6.40625e-11,-3.763998746533827e-07,6.40625e-11,-1.914198821454398e-07,6.40625e-11,-4.285229969055936e-07,6.40625e-11,-7.336425877228493e-07,6.40625e-11,-6.087837239080108e-07
8.203125000000001e-11,0.8203125000000001,1.174226196620669e-10,0.5871130983103345,1.265598634226042e-10,0.4218662114086807,8.203125000000001e-11,2.223288204882123e-05,1.174226196620669e-10,2.495527643071269e-06,1.265598634226042e-10,-3.66384232891107e-08,8.203125000000001e-11,-5.899713030537252e-07,1.174226196620669e-10,-3.1703736264724e-07,1.265598634226042e-10,-4.169429459923876e-07
1e-10,1,1.587113098310335e-10,0.7935565491551674,1.659772605509564e-10,0.5532575351698547,1e-10,4.534891477351777e-05,1.587113098310335e-10,1.910175765741968e-05,1.659772605509564e-10,1.514360068584632e-06,1e-10,8.518603749624411e-09,1.587113098310335e-10,-8.611856240925346e-08,1.659772605509564e-10,-1.752811799087315e-07
1.002651533659912e-10,1,1.793556549155168e-10,0.8967782745775837,2.013793556642105e-10,0.6712645188807016,1.002651533659912e-10,4.60172086849364e-05,1.793556549155168e-10,3.175291842615407e-05,2.013793556642105e-10,7.253778000432444e-06,1.002651533659912e-10,5.439182129964991e-07,1.793556549155168e-10,7.763746598547806e-09,2.013793556642105e-10,-1.608489287119436e-07
1.007954600979736e-10,1,2e-10,1,2.448208336974574e-10,0.8160694456581915,1.007954600979736e-10,4.599766208585774e-05,2e-10,4.444117166669268e-05,2.448208336974574e-10,2.172866745343119e-05,1.007954600979736e-10,5.583397731102312e-07,2e-10,1.685586763287045e-07,2.448208336974574e-10,6.925845457833756e-08
1.018560735619383e-10,1,2.004753913915053e-10,1,2.777937752981799e-10,0.925979250993933,1.018560735619383e-10,4.592138812810815e-05,2.004753913915053e-10,4.475227329955238e-05,2.777937752981799e-10,3.488259140866077e-05,1.018560735619383e-10,5.406119390972242e-07,2.004753913915053e-10,5.068729476219009e-07,2.777937752981799e-10,1.295031642563159e-07
1.039773004898677e-10,1,2.01426174174516e-10,1,3e-10,1,1.039773004898677e-10,4.580442809613792e-05,2.01426174174516e-10,4.46939930523229e-05,3e-10,4.333383209645473e-05,1.039773004898677e-10,5.510425020245566e-07,2.01426174174516e-10,5.095370920121753e-07,3e-10,2.691291535096212e-07
1.082197543457267e-10,1,2.033277397405373e-10,1,3.006939445219319e-10,1,1.082197543457267e-10,4.553078408014593e-05,2.033277397405373e-10,4.456377321053531e-05,3.006939445219319e-10,4.349068591949389e-05,1.082197543457267e-10,5.26667027021746e-07,2.033277397405373e-10,5.013607250146905e-07,3.006939445219319e-10,4.741299570144225e-07
1.167046620574445e-10,1,2.071308708725799e-10,1,3.010409167828978e-10,1,1.167046620574445e-10,4.500494967559944e-05,2.071308708725799e-10,4.431286830156024e-05,3.010409167828978e-10,4.346803007124559e-05,1.167046620574445e-10,5.239827025065459e-07,2.071308708725799e-10,4.985323124234574e-07,3.010409167828978e-10,4.749019417615541e-07
1.336744774808802e-10,1,2.14737133136665e-10,1,3.017348613048297e-10,1,1.336744774808802e-10,4.385478005651309e-05,2.14737133136665e-10,4.378505127355853e-05,3.017348613048297e-10,4.341618733356173e-05,1.336744774808802e-10,4.761296296200941e-07,2.14737133136665e-10,4.799816413067561e-07,3.017348613048297e-10,4.723544367303437e-07
1.676141083277516e-10,1,2.299496576648354e-10,1,3.031227503486936e-10,1,1.676141083277516e-10,4.130465338172297e-05,2.299496576648354e-10,4.268544382083798e-05,3.031227503486936e-10,4.331836509101624e-05,1.676141083277516e-10,4.331846657302453e-07,2.299496576648354e-10,4.57703150329226e-07,3.031227503486936e-10,4.712158301638337e-07
2.354933700214944e-10,1,2.603747067211761e-10,1,3.058985284364212e-10,1,2.354933700214944e-10,3.467015812877679e-05,2.603747067211761e-10,4.021790554757993e-05,3.058985284364212e-10,4.311448530309929e-05,2.354933700214944e-10,3.160429892267589e-07,2.603747067211761e-10,4.042390934462961e-07,3.058985284364212e-10,4.651099988269091e-07
3.043825016696523e-10,1,3.212248048338575e-10,1,3.114500846118766e-10,1,3.043825016696523e-10,2.316454946053436e-05,3.212248048338575e-10,3.397896317235252e-05,3.114500846118766e-10,4.270503018952642e-05,3.043825016696523e-10,2.139070620331764e-07,3.212248048338575e-10,3.180502410352361e-07,3.114500846118766e-10,4.569051622612356e-07
3.622742175412583e-10,1,3.880156790279487e-10,1,3.225531969627873e-10,1,3.622742175412583e-10,1.069591369288573e-05,3.880156790279487e-10,2.229511208570036e-05,3.225531969627873e-10,4.184657224647756e-05,3.622742175412583e-10,8.418820285310206e-08,3.880156790279487e-10,1.954990772954094e-07,3.225531969627873e-10,4.372707521593991e-07
4.172595006648744e-10,1,4.433233274322395e-10,1,3.447594216646086e-10,1,4.172595006648744e-10,3.9842140417799e-06,4.433233274322395e-10,1.050679204486248e-05,3.447594216646086e-10,3.99904520458657e-05,4.172595006648744e-10,4.288286408269272e-08,4.433233274322395e-10,9.291475197404656e-08,3.447594216646086e-10,4.036507603407651e-07
4.599585093650325e-10,1,4.987349740612433e-10,1,3.891718710682513e-10,1,4.599585093650325e-10,1.630481112243902e-06,4.987349740612433e-10,3.851093939778331e-06,3.891718710682513e-10,3.557580688714783e-05,4.599585093650325e-10,5.42561269263362e-09,4.987349740612433e-10,3.134078145262292e-08,3.891718710682513e-10,3.363569427472489e-07
5.059499655874713e-10,1,5.437217636600703e-10,1,4.558477682379672e-10,1,5.059499655874713e-10,7.005846300963786e-07,5.437217636600703e-10,1.497513729319974e-06,4.558477682379672e-10,2.538065309846447e-05,5.059499655874713e-10,1.459168265902848e-08,5.437217636600703e-10,1.466733221104826e-08,4.558477682379672e-10,2.264167697077618e-07
5.558443995630137e-10,1,5.897712849608334e-10,1,5.114374670279178e-10,1,5.558443995630137e-10,1.668629618656034e-07,5.897712849608334e-10,6.37766122640532e-07,5.114374670279178e-10,1.294251981173096e-05,5.558443995630137e-10,-7.141634756759127e-09,5.897712849608334e-10,3.669917485760344e-09,5.114374670279178e-10,1.126182008034157e-07
6.233138419147278e-10,1,6.403842443777902e-10,1,5.645498316383561e-10,1,6.233138419147278e-10,9.8331184125203e-08,6.403842443777902e-10,1.508496224566019e-07,5.645498316383561e-10,5.284091196527073e-06,6.233138419147278e-10,9.421206653208691e-09,6.403842443777902e-10,3.100830894016372e-09,5.645498316383561e-10,4.556800111177757e-08
7.152642119241082e-10,1,7.087493561428848e-10,1,5.911060139435751e-10,1,7.152642119241082e-10,-5.051336719055327e-08,7.087493561428848e-10,8.545007788162329e-08,5.911060139435751e-10,3.110269309625962e-06,7.152642119241082e-10,-9.001402460590475e-09,7.087493561428848e-10,-1.067013755758528e-09,5.911060139435751e-10,2.681059084248884e-08
8.076321059620541e-10,1,8.03705640375952e-10,1,6.38436692713142e-10,1,8.076321059620541e-10,5.136082131848271e-08,8.03705640375952e-10,-4.453078939637261e-08,6.38436692713142e-10,1.270109607215451e-06,8.076321059620541e-10,9.014818494883929e-09,8.03705640375952e-10,1.426022667885038e-09,6.38436692713142e-10,1.084954232355228e-08
9e-10,1,9.018528201879761e-10,1,6.830116965516481e-10,1,9e-10,-5.114293157978522e-08,9.018528201879761e-10,4.451568905348887e-08,6.830116965516481e-10,4.124780356018171e-07,9e-10,-9.00476659074348e-09,9.018528201879761e-10,-1.418539718162881e-09,6.830116965516481e-10,3.597923137337369e-09
9.015625e-10,0.9843749999999999,1e-09,1,7.441528563453656e-10,1,9.015625e-10,8.916648596994345e-07,1e-09,-4.434548438211919e-08,7.441528563453656e-10,1.810185433978474e-07,9.015625e-10,7.231139554304467e-07,1e-09,1.426704658720369e-09,7.441528563453656e-10,1.499023854159703e-09
9.046875e-10,0.9531249999999996,1.0015625e-09,0.9921875000000004,8.170294810565281e-10,1,9.046875e-10,8.452602938155596e-07,1.0015625e-09,4.455046904714401e-07,8.170294810565281e-10,-4.121055564263668e-08,9.046875e-10,7.196915925955899e-07,1.0015625e-09,3.61819725031665e-07,8.170294810565281e-10,-2.899493132779628e-10
9.109375000000001e-10,0.890624999999999,1.0046875e-09,0.9765625000000013,9.245802462012316e-10,1,9.109375000000001e-10,7.71639038560264e-07,1.0046875e-09,4.212562510875376e-07,9.245802462012316e-10,5.789055450936211e-08,9.109375000000001e-10,7.085968954288003e-07,1.0046875e-09,3.615613491427196e-07,9.245802462012316e-10,4.39910217341516e-10
9.234375000000002e-10,0.7656249999999979,1.010937499999999e-09,0.9453125000000031,1.012290123100616e-09,1,9.234375000000002e-10,7.18733538464241e-07,1.010937499999999e-09,3.773546478817868e-07,1.012290123100616e-09,-5.84661786800822e-08,9.234375000000002e-10,6.930176694125258e-07,1.010937499999999e-09,3.582563331611287e-07,1.012290123100616e-09,-4.376435266724893e-10
9.484375000000005e-10,0.5156249999999947,1.023437499999999e-09,0.8828125000000067,1.1e-09,1,9.484375000000005e-10,-1.203439158725571e-07,1.023437499999999e-09,3.226776534010025e-07,1.1e-09,5.842685066535082e-08,9.484375000000005e-10,1.657145070957164e-06,1.023437499999999e-09,3.537812859821572e-07,1.1e-09,4.442480731707304e-10
9.742187500000004e-10,0.257812499999996,1.048437499999997e-09,0.7578125000000139,1.1025e-09,0.9916666666666669,9.742187500000004e-10,-1.992111111499702e-05,1.048437499999997e-09,2.911565061497263e-07,1.1025e-09,2.922362849458212e-07,9.742187500000004e-10,2.249415179133388e-05,1.048437499999997e-09,3.466767539856613e-07,1.1025e-09,2.413460000669797e-07
9.871093750000001e-10,0.1289062499999987,1.098437499999994e-09,0.5078125000000282,1.1075e-09,0.9750000000000006,9.871093750000001e-10,-3.932545511228352e-05,1.098437499999994e-09,-6.177274488068155e-07,1.1075e-09,2.664661083592706e-07,9.871093750000001e-10,4.197255521553187e-05,1.098437499999994e-09,1.40568744533685e-06,1.1075e-09,2.406570678554855e-07
1e-09,0,1.128046521822768e-09,0.3597673908861582,1.1175e-09,0.9416666666666681,1e-09,-5.971581433308179e-05,1.128046521822768e-09,-8.052607156656996e-06,1.1175e-09,2.250114459378418e-07,1e-09,6.293414521484216e-05,1.128046521822768e-09,9.22106681981088e-06,1.1175e-09,2.386451601339113e-07
1.00104643973862e-09,0,1.151976980620819e-09,0.2401150968959039,1.137499999999999e-09,0.875000000000003,1.00104643973862e-09,-6.021049802031545e-05,1.151976980620819e-09,-2.25396411103711e-05,1.137499999999999e-09,1.776222661611735e-07,1.00104643973862e-09,6.098200004481312e-05,1.151976980620819e-09,2.387256542326884e-05,1.137499999999999e-09,2.349480610379367e-07
1.003139319215859e-09,0,1.177373404885171e-09,0.1131329755741474,1.177499999999998e-09,0.7416666666666729,1.003139319215859e-09,-6.000685256929074e-05,1.177373404885171e-09,-4.147550002708288e-05,1.177499999999998e-09,1.623881225241811e-07,1.003139319215859e-09,6.074554471409495e-05,1.177373404885171e-09,4.319918671419827e-05,1.177499999999998e-09,2.332453280757378e-07
1.006919401990676e-09,0,1.2e-09,0,1.257499999999996e-09,0.4750000000000126,1.006919401990676e-09,-5.961479627736281e-05,1.2e-09,-5.790797287739052e-05,1.257499999999996e-09,-1.452341293742341e-06,1.006919401990676e-09,6.037316056024469e-05,1.2e-09,5.97328557301774e-05,1.257499999999996e-09,2.029445873794668e-06
1.014479567540308e-09,0,1.202431320115676e-09,0,1.290336253275147e-09,0.3655458224161766,1.014479567540308e-09,-5.882344201403418e-05,1.202431320115676e-09,-5.796957183152687e-05,1.290336253275147e-09,-7.618285303510686e-06,1.014479567540308e-09,5.953759496711865e-05,1.202431320115676e-09,5.868480209451328e-05,1.290336253275147e-09,8.430603046776559e-06
1.029599898639574e-09,0,1.203646980173514e-09,0,1.319633721377577e-09,0.2678875954080756,1.029599898639574e-09,-5.710413100219108e-05,1.203646980173514e-09,-5.783212578575381e-05,1.319633721377577e-09,-1.866906681473265e-05,1.029599898639574e-09,5.781370731465872e-05,1.203646980173514e-09,5.853786172699983e-05,1.319633721377577e-09,1.958560559560891e-05
1.059840560838105e-09,0,1.206078300289191e-09,0,1.351677423755207e-09,0.1610752541493092,1.059840560838105e-09,-5.306604765846469e-05,1.206078300289191e-09,-5.755129566621188e-05,1.351677423755207e-09,-3.385850832926453e-05,1.059840560838105e-09,5.368234539158327e-05,1.206078300289191e-09,5.825873423112092e-05,1.351677423755207e-09,3.508203620295239e-05
1.113818422812381e-09,0,1.210940940520543e-09,0,1.375838711877604e-09,0.08053762707465462,1.113818422812381e-09,-4.159588832229578e-05,1.210940940520543e-09,-5.697817556420859e-05,1.375838711877604e-09,-4.532164746171598e-05,1.113818422812381e-09,4.209190352212682e-05,1.210940940520543e-09,5.766848692947948e-05,1.375838711877604e-09,4.660854681442834e-05
1.157564910392171e-09,0,1.220666220983248e-09,0,1.4e-09,0,1.157564910392171e-09,-2.523116708139855e-05,1.220666220983248e-09,-5.576858129478578e-05,1.4e-09,-5.559483298869264e-05,1.157564910392171e-09,2.554392729228245e-05,1.220666220983248e-09,5.644505152510346e-05,1.4e-09,5.708463919082201e-05
1.196991437957186e-09,0,1.240116781908659e-09,0,1.4030201610153e-09,0,1.196991437957186e-09,-1.231058317716899e-05,1.240116781908659e-09,-5.305569816847217e-05,1.4030201610153e-09,-5.540993297024297e-05,1.196991437957186e-09,1.254982975301524e-05,1.240116781908659e-09,5.368296945360437e-05,1.4030201610153e-09,5.607966146709268e-05
1.243145316776324e-09,0,1.279017903759479e-09,0,1.409060483045899e-09,0,1.243145316776324e-09,-4.461776103196672e-06,1.279017903759479e-09,-4.563885748452409e-05,1.409060483045899e-09,-5.459505658831604e-05,1.243145316776324e-09,4.509490612723478e-06,1.279017903759479e-09,4.617361833531539e-05,1.409060483045899e-09,5.524698286666512e-05
1.281630268276472e-09,0,1.322777354146796e-09,0,1.417736885934895e-09,0,1.281630268276472e-09,-1.75298708791918e-06,1.322777354146796e-09,-3.108639259308842e-05,1.417736885934895e-09,-5.335069946906101e-05,1.281630268276472e-09,1.817196976808468e-06,1.322777354146796e-09,3.145683995607174e-05,1.417736885934895e-09,5.39885032762076e-05
1.31864708791033e-09,0,1.360431631831429e-09,0,1.435089691712889e-09,0,1.31864708791033e-09,-7.78101691681362e-07,1.360431631831429e-09,-1.701045602406312e-05,1.435089691712889e-09,-5.05275841929015e-05,1.31864708791033e-09,7.601478364048419e-07,1.360431631831429e-09,1.728858116743834e-05,1.435089691712889e-09,5.112036005843915e-05
1.361235285558692e-09,0,1.401154474874589e-09,0,1.469795303268875e-09,0,1.361235285558692e-09,-2.172898070619667e-07,1.401154474874589e-09,-7.416038159697175e-06,1.469795303268875e-09,-4.258506776326374e-05,1.361235285558692e-09,2.535177848396504e-07,1.401154474874589e-09,7.536117105606391e-06,1.469795303268875e-09,4.308290539525232e-05
1.419030438347448e-09,0,1.450285280870813e-09,0,1.508483569395775e-09,0,1.419030438347448e-09,-9.242802263864529e-08,1.450285280870813e-09,-2.258728800558389e-06,1.508483569395775e-09,-2.858786464197595e-05,1.419030438347448e-09,6.194048169889186e-08,1.450285280870813e-09,2.310211901676332e-06,1.508483569395775e-09,2.893799195515271e-05
1.500044924659685e-09,0,1.485744704096598e-09,0,1.54468835318405e-09,0,1.500044924659685e-09,3.758609341666734e-08,1.485744704096598e-09,-1.006469661125629e-06,1.54468835318405e-09,-1.546012107802113e-05,1.500044924659685e-09,-6.069810972410799e-09,1.485744704096598e-09,1.014476844617275e-06,1.54468835318405e-09,1.57228507387769e-05
1.620585482501692e-09,0,1.526624724614672e-09,0,1.588394062008792e-09,0,1.620585482501692e-09,-3.930951508428608e-08,1.526624724614672e-09,-3.388020296234397e-07,1.588394062008792e-09,-6.21455572024893e-06,1.620585482501692e-09,7.861296141654665e-09,1.526624724614672e-09,3.554762702100511e-07,1.588394062008792e-09,6.31167379718223e-06
1.780585482501692e-09,0,1.575874201594391e-09,0,1.629511297238502e-09,0,1.780585482501692e-09,3.949925755593998e-08,1.575874201594391e-09,-1.263548246143621e-07,1.629511297238502e-09,-2.298123633310883e-06,1.780585482501692e-09,-8.030639111726863e-09,1.575874201594391e-09,1.181980930281614e-07,1.629511297238502e-09,2.352866157803881e-06
1.890292741250846e-09,0,1.649148894638456e-09,0,1.665528113519973e-09,0,1.890292741250846e-09,-3.96141309111707e-08,1.649148894638456e-09,1.749193216836822e-08,1.665528113519973e-09,-1.066766471015364e-06,1.890292741250846e-09,8.185058886120482e-09,1.649148894638456e-09,-7.30499371504597e-09,1.665528113519973e-09,1.073304590010128e-06
2e-09,0,1.753872188632995e-09,0,1.705907480234669e-09,0,2e-09,3.962370675683641e-08,1.753872188632995e-09,-2.634500379923154e-08,1.705907480234669e-09,-3.109673586142517e-07,2e-09,-8.172843878483072e-09,1.753872188632995e-09,1.634018043651474e-08,1.705907480234669e-09,3.296990772337495e-07
2.0015625e-09,0.01562500000000117,1.876936094316498e-09,0,1.757711209253426e-09,0,2.0015625e-09,-1.227863251443661e-06,1.876936094316498e-09,2.775563962837784e-08,1.757711209253426e-09,-1.589554753076041e-07,2.0015625e-09,-1.232222261747004e-06,1.876936094316498e-09,-1.774843892445812e-08,1.757711209253426e-09,1.488970463108854e-07
2.0046875e-09,0.04687500000000352,2e-09,0,1.830279256276973e-09,0,2.0046875e-09,-1.155811171160702e-06,2e-09,-2.800003554656559e-08,1.830279256276973e-09,5.365225738131541e-08,2.0046875e-09,-1.316842164450426e-06,2e-09,1.80288123067111e-08,1.830279256276973e-09,-4.163028870706744e-08
2.010937500000001e-09,0.1093750000000082,2.0015625e-09,0.007812500000000586,1.915139628138487e-09,0,2.010937500000001e-09,-1.022369464190358e-06,2.0015625e-09,-6.139250453103104e-07,1.915139628138487e-09,-6.324367292740855e-08,2.010937500000001e-09,-1.417720745679423e-06,2.0015625e-09,-6.165499510956413e-07,1.915139628138487e-09,5.142364354239104e-08
2.023437500000002e-09,0.2343750000000176,2.0046875e-09,0.02343750000000176,2e-09,0,2.023437500000002e-09,-9.042590516634082e-07,2.0046875e-09,-5.767347222427225e-07,2e-09,6.351871699108798e-08,2.023437500000002e-09,-1.478110411127173e-06,2.0046875e-09,-6.621483705488836e-07,2e-09,-5.167752267561556e-08
2.048437500000004e-09,0.4843750000000364,2.010937500000001e-09,0.05468750000000411,2.0025e-09,0.008333333333333132,2.048437500000004e-09,-2.56270873389872e-07,2.010937500000001e-09,-5.024252819366777e-07,2.0025e-09,-4.015683064964326e-07,2.048437500000004e-09,-9.001491405600493e-07,2.010937500000001e-09,-7.254892825955883e-07,2.0025e-09,-4.200377124099755e-07
2.074218750000002e-09,0.7421875000000185,2.023437500000002e-09,0.1171875000000088,2.0075e-09,0.0249999999999994,2.074218750000002e-09,1.340679816945962e-05,2.023437500000002e-09,-4.101136633483377e-07,2.0075e-09,-3.610710210101137e-07,2.074218750000002e-09,-3.875176608463854e-07,2.023437500000002e-09,-8.189732446799884e-07,2.0075e-09,-4.640006839998638e-07
2.087109375000001e-09,0.8710937500000117,2.048437500000004e-09,0.2421875000000182,2.0175e-09,0.05833333333333193,2.087109375000001e-09,2.842502695650023e-05,2.048437500000004e-09,-3.330663764848341e-07,2.0175e-09,-2.927021044423229e-07,2.087109375000001e-09,-4.678064105936135e-07,2.048437500000004e-09,-8.45334195225293e-07,2.0175e-09,-5.275344970869329e-07
2.1e-09,1,2.098437500000008e-09,0.492187500000037,2.037499999999999e-09,0.124999999999997,2.1e-09,4.55590681077832e-05,2.098437500000008e-09,2.713383914510823e-07,2.037499999999999e-09,-2.137021176932456e-07,2.1e-09,-4.850497983487898e-08,2.098437500000008e-09,-4.419705351048059e-07,2.037499999999999e-09,-6.045317014490099e-07
2.101063189351111e-09,1,2.149218750000004e-09,0.7460937500000188,2.077499999999998e-09,0.2583333333333271,2.101063189351111e-09,4.597686004474534e-05,2.149218750000004e-09,1.39705973479159e-05,2.077499999999998e-09,-1.710339710947668e-07,2.101063189351111e-09,5.492180402354404e-07,2.149218750000004e-09,-1.057700361878484e-07,2.077499999999998e-09,-6.08051862062346e-07
2.103189568053333e-09,1,2.174609375000002e-09,0.8730468750000098,2.157499999999996e-09,0.5249999999999874,2.103189568053333e-09,4.585230432086085e-05,2.174609375000002e-09,2.865754528946902e-05,2.157499999999996e-09,8.731259174507056e-07,2.103189568053333e-09,5.4629095100285e-07,2.174609375000002e-09,-6.156954794733079e-08,2.157499999999996e-09,-2.342118835888996e-07
2.106983238912558e-09,1,2.2e-09,1,2.201433211452538e-09,0.6714440381751269,2.106983238912558e-09,4.561513885769585e-05,2.2e-09,4.451809877112679e-05,2.201433211452538e-09,7.288542447706096e-06,2.106983238912558e-09,5.360895503433121e-07,2.2e-09,2.074442108896881e-07,2.201433211452538e-09,-1.104186025507038e-07
2.114570580631007e-09,1,2.20173480143723e-09,1,2.235660295416643e-09,0.7855343180554759,2.114570580631007e-09,4.514221782444989e-05,2.20173480143723e-09,4.463803722220834e-05,2.235660295416643e-09,1.818006558426225e-05,2.114570580631007e-09,5.218611038853732e-07,2.20173480143723e-09,5.062482290368511e-07,2.235660295416643e-09,-2.136119903739519e-08
2.129745264067904e-09,1,2.20520440431169e-09,1,2.27181534768622e-09,0.906051158954067,2.129745264067904e-09,4.413409498080289e-05,2.20520440431169e-09,4.440950646512896e-05,2.27181534768622e-09,3.251499846751226e-05,2.129745264067904e-09,4.901540849223923e-07,2.20520440431169e-09,4.985409264104925e-07,2.27181534768622e-09,1.597984029556905e-07
2.1600946309417e-09,1,2.212143610060611e-09,1,2.3e-09,0.9999999999999993,2.1600946309417e-09,4.190950398817682e-05,2.212143610060611e-09,4.393282830844229e-05,2.3e-09,4.327678870294297e-05,2.1600946309417e-09,4.388478474459224e-07,2.212143610060611e-09,4.865582774588058e-07,2.3e-09,2.165014291881034e-07
2.22079336468929e-09,1,2.226022021558451e-09,1,2.303321364222668e-09,1,2.22079336468929e-09,3.632224819859106e-05,2.226022021558451e-09,4.294165203241266e-05,2.303321364222668e-09,4.327401817815404e-05,2.22079336468929e-09,3.443313892032815e-07,2.226022021558451e-09,4.608512663230971e-07,2.303321364222668e-09,4.708871497677562e-07
2.291038750278167e-09,1,2.253778844554132e-09,1,2.304982046334002e-09,1,2.291038750278167e-09,2.604123732284889e-05,2.253778844554132e-09,4.074340785877491e-05,2.304982046334002e-09,4.315673707331696e-05,2.291038750278167e-09,2.342100447134132e-07,2.253778844554132e-09,4.164358505864757e-07,2.304982046334002e-09,4.653753648511844e-07
2.351403505051698e-09,1,2.309292490545495e-09,1,2.308303410556671e-09,1,2.351403505051698e-09,1.270905091624324e-05,2.309292490545495e-09,3.53208170577785e-05,2.308303410556671e-09,4.290897222698349e-05,2.351403505051698e-09,1.089027307047866e-07,2.309292490545495e-09,3.322780276095296e-07,2.308303410556671e-09,4.622929808589435e-07
2.405105695156445e-09,1,2.377255280906974e-09,1,2.314946139002007e-09,1,2.405105695156445e-09,5.02658062966632e-06,2.377255280906974e-09,2.458347851004294e-05,2.314946139002007e-09,4.241209494905955e-05,2.405105695156445e-09,4.49659401691584e-08,2.377255280906974e-09,2.193873473071373e-07,2.314946139002007e-09,4.484839516143391e-07
2.431956790208818e-09,1,2.43425620688708e-09,1,2.328231595892681e-09,1,2.431956790208818e-09,2.999013193352917e-06,2.43425620688708e-09,1.204778281033124e-05,2.328231595892681e-09,4.135914295628766e-05,2.431956790208818e-09,2.418744525141361e-08,2.43425620688708e-09,1.040714792118925e-07,2.328231595892681e-09,4.295214250262588e-07
2.479397244295368e-09,1,2.488215621713398e-09,1,2.354802509674027e-09,1,2.479397244295368e-09,1.174282989153928e-06,2.488215621713398e-09,4.687486657580327e-06,2.354802509674027e-09,3.904530390259684e-05,2.479397244295368e-09,1.168780227533448e-08,2.488215621713398e-09,4.101065245160007e-08,2.354802509674027e-09,3.859738371596637e-07
2.524197890975441e-09,1,2.515103895175063e-09,1,2.40794433723672e-09,1,2.524197890975441e-09,4.20110968661366e-07,2.515103895175063e-09,2.76849117505309e-06,2.40794433723672e-09,3.329477096966627e-05,2.524197890975441e-09,2.002295798157649e-09,2.515103895175063e-09,2.321057207813247e-08,2.40794433723672e-09,3.098001336610462e-07
2.586385530712005e-09,1,2.561971916982722e-09,1,2.472448886706059e-09,1,2.586385530712005e-09,1.3605954129597e-07,2.561971916982722e-09,1.110016797646074e-06,2.472448886706059e-09,2.155544254360444e-05,2.586385530712005e-09,2.774270521391066e-09,2.561971916982722e-09,1.012576538870824e-08,2.472448886706059e-09,1.88966323957193e-07
2.66056838537275e-09,1,2.607259060089299e-09,1,2.52514078537328e-09,1,2.66056838537275e-09,-9.34072108135018e-09,2.607259060089299e-09,3.77366040076185e-07,2.52514078537328e-09,1.041262213982411e-05,2.66056838537275e-09,-1.677464155586173e-09,2.607259060089299e-09,2.644489542310062e-09,2.52514078537328e-09,9.184395201995559e-08
2.77064337682025e-09,1,2.670618046558179e-09,1,2.581201584535233e-09,1,2.77064337682025e-09,2.336663445501324e-08,2.670618046558179e-09,1.329458784724177e-07,2.581201584535233e-09,3.755391072150062e-06,2.77064337682025e-09,1.804579323204677e-09,2.670618046558179e-09,1.739186570942343e-09,2.581201584535233e-09,3.075129305150347e-08
2.9e-09,1,2.746797456926972e-09,1,2.645385280120395e-09,1,2.9e-09,-2.39163573675892e-08,2.746797456926972e-09,-2.131429834078157e-08,2.645385280120395e-09,8.593852545428365e-07,2.9e-09,-1.802052815412124e-09,2.746797456926972e-09,-7.723464346128299e-10,2.645385280120395e-09,8.932059808191629e-09
2.9015625e-09,0.9843749999999968,2.860027068714956e-09,1,2.691634660544026e-09,1,2.9015625e-09,8.921560297008733e-07,2.860027068714956e-09,3.226686526225945e-08,2.691634660544026e-09,3.855292433232162e-07,2.9015625e-09,7.231367119230226e-07,2.860027068714956e-09,8.733994872765039e-10,2.691634660544026e-09,1.755154461300182e-09
2.904687500000001e-09,0.9531249999999944,3e-09,1,2.746364416498946e-09,1,2.904687500000001e-09,8.455087861035156e-07,3e-09,-3.281980155945242e-08,2.746364416498946e-09,5.740327142841106e-08,2.904687500000001e-09,7.196757893114582e-07,3e-09,-8.711411221666275e-10,2.746364416498946e-09,2.050408210952764e-09
2.910937500000001e-09,0.8906249999999897,3.001562500000001e-09,0.9921874999999983,2.817007176849869e-09,1,2.910937500000001e-09,7.719994741902402e-07,3.001562500000001e-09,4.460126293409673e-07,2.817007176849869e-09,6.384982607388349e-08,2.910937500000001e-09,7.086170845307424e-07,3.001562500000001e-09,3.618254440319711e-07,2.817007176849869e-09,-1.002146701947746e-09
2.923437500000002e-09,0.7656249999999803,3.004687500000001e-09,0.9765624999999972,2.932438418033949e-09,1,2.923437500000002e-09,7.187803179950328e-07,3.004687500000001e-09,4.215613076651062e-07,2.932438418033949e-09,-4.675948060023052e-08,2.923437500000002e-09,6.930015159125725e-07,3.004687500000001e-09,3.615614511098149e-07,2.932438418033949e-09,1.156824201687374e-09
2.948437500000004e-09,0.5156249999999616,3.010937500000001e-09,0.9453124999999949,3.016219209016975e-09,1,2.948437500000004e-09,-1.202404551908662e-07,3.010937500000001e-09,3.777615215731481e-07,3.016219209016975e-09,4.409323964506267e-08,2.948437500000004e-09,1.657161281961873e-06,3.010937500000001e-09,3.58262926134945e-07,3.016219209016975e-09,-1.172653403537069e-09
2.974218750000002e-09,0.2578124999999795,3.023437500000002e-09,0.8828124999999901,3.1e-09,1,2.974218750000002e-09,-1.992119989742492e-05,3.023437500000002e-09,3.228157367091188e-07,3.1e-09,-4.433370120033097e-08,2.974218750000002e-09,2.249413104743635e-05,3.023437500000002e-09,3.537793507462434e-07,3.1e-09,1.177705075103065e-09
2.987109375000001e-09,0.1289062499999905,3.048437500000004e-09,0.7578124999999808,3.1025e-09,0.9916666666666669,2.987109375000001e-09,-3.932534520470734e-05,3.048437500000004e-09,2.913397853236192e-07,3.1025e-09,2.92212396845248e-07,2.987109375000001e-09,4.197255272104994e-05,3.048437500000004e-09,3.466814511868751e-07,3.1025e-09,2.413443080645828e-07
3e-09,0,3.098437500000008e-09,0.507812499999962,3.1075e-09,0.9750000000000006,3e-09,-5.971588992895933e-05,3.098437500000008e-09,-6.178055734696925e-07,3.1075e-09,2.664591369945105e-07,3e-09,6.293411473735005e-05,3.098437500000008e-09,1.405683242349539e-06,3.1075e-09,2.406584922918153e-07
3.001046676528834e-09,0,3.128046670084853e-09,0.3597666495757379,3.1175e-09,0.9416666666666681,3.001046676528834e-09,-6.021045693882033e-05,3.128046670084853e-09,-8.052589448909715e-06,3.1175e-09,2.249928326011893e-07,3.001046676528834e-09,6.0981949165737e-05,3.128046670084853e-09,9.221138381724555e-06,3.1175e-09,2.386435178462519e-07
3.003140029586502e-09,0,3.151977132808581e-09,0.2401143359570945,3.137499999999999e-09,0.875000000000003,3.003140029586502e-09,-6.000675758009416e-05,3.151977132808581e-09,-2.253982712362002e-05,3.137499999999999e-09,1.77623012313827e-07,3.003140029586502e-09,6.074545640964707e-05,3.151977132808581e-09,2.387266535666393e-05,3.137499999999999e-09,2.349495491429175e-07
3.006921001751484e-09,0,3.177373598231501e-09,0.1131320088424973,3.177499999999998e-09,0.7416666666666729,3.006921001751484e-09,-5.961461304432541e-05,3.177373598231501e-09,-4.147555240698064e-05,3.177499999999998e-09,1.623783644163929e-07,3.006921001751484e-09,6.037296477159951e-05,3.177373598231501e-09,4.319932879844874e-05,3.177499999999998e-09,2.332437632336671e-07
3.014482946081446e-09,0,3.200000000000001e-09,0,3.257499999999996e-09,0.4750000000000126,3.014482946081446e-09,-5.882305271538329e-05,3.200000000000001e-09,-5.790804155152218e-05,3.257499999999996e-09,-1.452333919939068e-06,3.014482946081446e-09,5.953720653824037e-05,3.200000000000001e-09,5.973283609791137e-05,3.257499999999996e-09,2.029447430282972e-06
3.029606834741371e-09,0,3.20243133097932e-09,0,3.290336312132526e-09,0.365545626224913,3.029606834741371e-09,-5.710328378971957e-05,3.20243133097932e-09,-5.796955531378295e-05,3.290336312132526e-09,-7.618310115947703e-06,3.029606834741371e-09,5.781283632684777e-05,3.20243133097932e-09,5.868478536911366e-05,3.290336312132526e-09,8.430619229655161e-06
3.05985461206122e-09,0,3.20729399293796e-09,0,3.319633796998816e-09,0.2678873433372806,3.05985461206122e-09,-5.30638882293836e-05,3.20729399293796e-09,-5.741044217147157e-05,3.319633796998816e-09,-1.866909294891476e-05,3.05985461206122e-09,5.368016246885036e-05,3.20729399293796e-09,5.810839097791771e-05,3.319633796998816e-09,1.958564122346934e-05
3.113842336415857e-09,0,3.214420033708323e-09,0,3.351677499691479e-09,0.1610750010284029,3.113842336415857e-09,-4.158865776173392e-05,3.214420033708323e-09,-5.655465519782183e-05,3.351677499691479e-09,-3.385855273753014e-05,3.113842336415857e-09,4.208457972691238e-05,3.214420033708323e-09,5.72444757684297e-05,3.351677499691479e-09,3.508207215492833e-05
3.157594208651603e-09,0,3.228672115249049e-09,0,3.37583874984574e-09,0.08053750051420105,3.157594208651603e-09,-2.521977920752005e-05,3.228672115249049e-09,-5.470550808688067e-05,3.37583874984574e-09,-4.532165752918526e-05,3.157594208651603e-09,2.553246336960154e-05,3.228672115249049e-09,5.535788104540829e-05,3.37583874984574e-09,4.660856604902108e-05
3.197030468333709e-09,0,3.257176278330501e-09,0,3.4e-09,6.661338147750939e-16,3.197030468333709e-09,-1.230081735237119e-05,3.257176278330501e-09,-5.023248592896033e-05,3.4e-09,-5.559484059086111e-05,3.197030468333709e-09,1.253992604366388e-05,3.257176278330501e-09,5.082664263226062e-05,3.4e-09,5.708463783823255e-05
3.243216699325886e-09,0,3.305475189286928e-09,0,3.403020156269282e-09,0,3.243216699325886e-09,-4.453768710911155e-06,3.305475189286928e-09,-3.775208610984701e-05,3.403020156269282e-09,-5.540993375175347e-05,3.243216699325886e-09,4.501345914817727e-06,3.305475189286928e-09,3.818821196917111e-05,3.403020156269282e-09,5.607966225672019e-05
3.281700379874975e-09,0,3.344671619759805e-09,0,3.404530234403924e-09,0,3.281700379874975e-09,-1.749784754436803e-06,3.344671619759805e-09,-2.250229624429525e-05,3.404530234403924e-09,-5.520956072490852e-05,3.281700379874975e-09,1.813935203005103e-06,3.344671619759805e-09,2.281639755055471e-05,3.404530234403924e-09,5.587126707458427e-05
3.318733338444968e-09,0,3.383406608349226e-09,0,3.407550390673206e-09,0,3.318733338444968e-09,-7.763243129356815e-07,3.383406608349226e-09,-1.085183376663333e-05,3.407550390673206e-09,-5.480283201561827e-05,3.318733338444968e-09,7.583398230367311e-07,3.383406608349226e-09,1.104553999303448e-05,3.407550390673206e-09,5.54628349541988e-05
3.361342510667237e-09,0,3.416783201155632e-09,0,3.413590703211772e-09,0,3.361342510667237e-09,-2.166149745817931e-07,3.416783201155632e-09,-5.304782402702061e-06,3.413590703211772e-09,-5.395679988695739e-05,3.361342510667237e-09,2.528287524205454e-07,3.416783201155632e-09,5.388677241944374e-06,3.413590703211772e-09,5.459894123752878e-05
3.419190182495668e-09,0,3.453692056691377e-09,0,3.425671328288903e-09,0,3.419190182495668e-09,-9.208080104524883e-08,3.453692056691377e-09,-2.251241334745009e-06,3.425671328288903e-09,-5.212220981047902e-05,3.419190182495668e-09,6.158866988053712e-08,3.453692056691377e-09,2.302652757343215e-06,3.425671328288903e-09,5.274205606557798e-05
3.500287250742311e-09,0,3.489326559587543e-09,0,3.449832578443166e-09,0,3.500287250742311e-09,3.754324887603945e-08,3.489326559587543e-09,-9.750622889694732e-07,3.449832578443166e-09,-4.763590517230349e-05,3.500287250742311e-09,-6.027966949510027e-09,3.489326559587543e-09,9.824293074599497e-07,3.449832578443166e-09,4.81906645420357e-05
3.620988659482756e-09,0,3.532672291476857e-09,0,3.492364119590052e-09,0,3.620988659482756e-09,-3.92341087650379e-08,3.532672291476857e-09,-3.242287854719532e-07,3.492364119590052e-09,-3.495681848226438e-05,3.620988659482756e-09,7.786283359656531e-09,3.532672291476857e-09,3.407004594697538e-07,3.492364119590052e-09,3.53699714433832e-05
3.780988659482756e-09,0,3.58676621668015e-09,0,3.528127878079908e-09,0,3.780988659482756e-09,3.942100713871242e-08,3.58676621668015e-09,-8.453510628585398e-08,3.528127878079908e-09,-2.102657943597651e-05,3.780988659482756e-09,-7.952724569360689e-09,3.58676621668015e-09,7.56142115889864e-08,3.528127878079908e-09,2.132599938423246e-05
3.890494329741378e-09,0,3.661672836410712e-09,0,3.567244292144517e-09,0,3.890494329741378e-09,-3.953442446680168e-08,3.661672836410712e-09,5.574712879509499e-11,3.567244292144517e-09,-9.832849290741155e-06,3.890494329741378e-09,8.105675723284371e-09,3.661672836410712e-09,1.044550754528937e-08,3.567244292144517e-09,1.001293668282479e-05
4e-09,0,3.769500545883662e-09,0,3.586802499176821e-09,0,4e-09,3.954372587142136e-08,3.769500545883662e-09,-6.181856778324681e-09,3.586802499176821e-09,-6.627689070091078e-06,4e-09,-8.093195392585363e-09,3.769500545883662e-09,-4.184880575516108e-09,3.586802499176821e-09,6.729674132063812e-06
4.0015625e-09,0.01562500000000117,3.884750272941831e-09,0,3.623762779840864e-09,0,4.0015625e-09,-1.227865290294582e-06,3.884750272941831e-09,7.424940186750538e-09,3.623762779840864e-09,-2.759825038132798e-06,4.0015625e-09,-1.232220492874306e-06,3.884750272941831e-09,2.946290319821283e-09,3.623762779840864e-09,2.824597432253981e-06
4.004687500000001e-09,0.04687500000000352,4e-09,0,3.657475571982498e-09,0,4.004687500000001e-09,-1.155811101734156e-06,4e-09,-7.600062205858522e-09,3.657475571982498e-09,-1.345249412281035e-06,4.004687500000001e-09,-1.316841931306782e-06,4e-09,-2.735532163354567e-09,3.657475571982498e-09,1.355012065731316e-06
4.010937500000001e-09,0.1093750000000082,4.0015625e-09,0.007812500000000586,3.701659729523357e-09,0,4.010937500000001e-09,-1.022367845268091e-06,4.0015625e-09,-6.13953315469937e-07,3.701659729523357e-09,-3.631303112897809e-07,4.010937500000001e-09,-1.417715418933154e-06,4.0015625e-09,-6.16535550264252e-07,3.701659729523357e-09,3.846612571584063e-07
4.023437500000002e-09,0.2343750000000176,4.004687500000001e-09,0.02343750000000176,3.751771097500249e-09,0,4.023437500000002e-09,-9.042653000029727e-07,4.004687500000001e-09,-5.767472642465077e-07,3.751771097500249e-09,-1.810817902222514e-07,4.023437500000002e-09,-1.478118145964668e-06,4.004687500000001e-09,-6.621216551918254e-07,3.751771097500249e-09,1.695885979453777e-07
4.048437500000004e-09,0.4843750000000364,4.010937500000001e-09,0.05468750000000411,3.821209018049082e-09,0,4.048437500000004e-09,-2.56263326916133e-07,4.010937500000001e-09,-5.024484187233851e-07,3.821209018049082e-09,5.076393108235706e-08,4.048437500000004e-09,-9.001397507212334e-07,4.010937500000001e-09,-7.254802744944992e-07,3.821209018049082e-09,-3.684793623713407e-08
4.074218750000002e-09,0.7421875000000143,4.023437500000002e-09,0.1171875000000088,3.917327125813933e-09,0,4.074218750000002e-09,1.340678970695922e-05,4.023437500000002e-09,-4.10117498663169e-07,3.917327125813933e-09,-6.443484146755963e-08,4.074218750000002e-09,-3.875281780423718e-07,4.023437500000002e-09,-8.189540146104527e-07,3.917327125813933e-09,5.078995117324378e-08
4.087109375000001e-09,0.8710937500000075,4.048437500000004e-09,0.2421875000000182,4e-09,0,4.087109375000001e-09,2.842503682148043e-05,4.048437500000004e-09,-3.33078912118348e-07,4e-09,6.598421760122813e-08,4.087109375000001e-09,-4.677937659466679e-07,4.048437500000004e-09,-8.45337126453564e-07,4e-09,-5.234193165099699e-08
4.1e-09,1,4.098437500000008e-09,0.492187500000037,4.002500000000001e-09,0.008333333333334511,4.1e-09,4.555905676750272e-05,4.098437500000008e-09,2.713457459243101e-07,4.002500000000001e-09,-4.015352224550271e-07,4.1e-09,-4.851981904631337e-08,4.098437500000008e-09,-4.419621202993453e-07,4.002500000000001e-09,-4.200658385422816e-07
4.10106318947141e-09,1,4.149218750000004e-09,0.7460937500000188,4.007500000000001e-09,0.02500000000000353,4.10106318947141e-09,4.597686420906907e-05,4.149218750000004e-09,1.39705893778843e-05,4.007500000000001e-09,-3.610471430109991e-07,4.10106318947141e-09,5.492247842883701e-07,4.149218750000004e-09,-1.057781737507018e-07,4.007500000000001e-09,-4.640305159282307e-07
4.103189568414228e-09,1,4.174609375000002e-09,0.8730468750000077,4.017500000000003e-09,0.05833333333334158,4.103189568414228e-09,4.585230007973884e-05,4.174609375000002e-09,2.865755303814045e-05,4.017500000000003e-09,-2.926792716935259e-07,4.103189568414228e-09,5.462842459677111e-07,4.174609375000002e-09,-6.156130606410219e-08,4.017500000000003e-09,-5.275522325445814e-07
4.106983239121802e-09,1,4.2e-09,1,4.037500000000006e-09,0.1250000000000177,4.106983239121802e-09,4.561514297517686e-05,4.2e-09,4.451809038330751e-05,4.037500000000006e-09,-2.136929532070702e-07,4.106983239121802e-09,5.360962268038458e-07,4.2e-09,2.074358307837681e-07,4.037500000000006e-09,-6.045465358586549e-07
4.11457058053695e-09,1,4.20173480147109e-09,1,4.077500000000011e-09,0.2583333333333698,4.11457058053695e-09,4.514221363040314e-05,4.20173480147109e-09,4.463803713059875e-05,4.077500000000011e-09,-1.710274177857834e-07,4.11457058053695e-09,5.21854436823626e-07,4.20173480147109e-09,5.062486632004427e-07,4.077500000000011e-09,-6.080530399464848e-07
4.129745263367246e-09,1,4.20520440441327e-09,1,4.157500000000023e-09,0.5250000000000742,4.129745263367246e-09,4.413409914478809e-05,4.20520440441327e-09,4.440950585037775e-05,4.157500000000023e-09,8.73123362740026e-07,4.129745263367246e-09,4.901607452577587e-07,4.20520440441327e-09,4.985404735592842e-07,4.157500000000023e-09,-2.342147931023317e-07
4.160094629027839e-09,1,4.21214361029763e-09,1,4.201433194806628e-09,0.6714439826887599,4.160094629027839e-09,4.190949993515963e-05,4.21214361029763e-09,4.393282811352362e-05,4.201433194806628e-09,7.288540996800703e-06,4.160094629027839e-09,4.388411924624831e-07,4.21214361029763e-09,4.865587280520473e-07,4.201433194806628e-09,-1.104158457739803e-07
4.220793360349024e-09,1,4.226022022066349e-09,1,4.235660280002606e-09,0.7855342666753521,4.220793360349024e-09,3.632225275256939e-05,4.226022022066349e-09,4.294165140836419e-05,4.235660280002606e-09,1.818005728763302e-05,4.220793360349024e-09,3.443380504409262e-07,4.226022022066349e-09,4.608507766941407e-07,4.235660280002606e-09,-2.136406192212143e-08
4.291038745942912e-09,1,4.253778845603787e-09,1,4.271815329101571e-09,0.9060510970052342,4.291038745942912e-09,2.604123392980121e-05,4.253778845603787e-09,4.074340753751135e-05,4.271815329101571e-09,3.251499388500536e-05,4.291038745942912e-09,2.342033974772298e-07,4.253778845603787e-09,4.164363304613806e-07,4.271815329101571e-09,1.598011404585567e-07
4.351403501369396e-09,1,4.309292492678663e-09,1,4.3e-09,1,4.351403501369396e-09,1.270905566421401e-05,4.309292492678663e-09,3.532081599313753e-05,4.3e-09,4.32767863519664e-05,4.351403501369396e-09,1.089093890577149e-07,4.309292492678663e-09,3.322775224664598e-07,4.3e-09,2.164986401729876e-07
4.405105691187603e-09,1,4.377255280497092e-09,1,4.303321363234721e-09,1,4.405105691187603e-09,5.026576792101564e-06,4.377255280497092e-09,2.458347770405563e-05,4.303321363234721e-09,4.327401854384822e-05,4.405105691187603e-09,4.495929147195279e-08,4.377255280497092e-09,2.193878360685838e-07,4.303321363234721e-09,4.708871547409995e-07
4.431956786096706e-09,1,4.43425620541187e-09,1,4.309964089704164e-09,1,4.431956786096706e-09,2.999017563247455e-06,4.43425620541187e-09,1.204778179658787e-05,4.309964089704164e-09,4.278885927073592e-05,4.431956786096706e-09,2.419409526017931e-08,4.43425620541187e-09,1.040709690426395e-07,4.309964089704164e-09,4.567836160620586e-07
4.479397240712697e-09,1,4.488215620149718e-09,1,4.319511109954459e-09,1,4.479397240712697e-09,1.174278902297527e-06,4.488215620149718e-09,4.687486639576647e-06,4.319511109954459e-09,4.20556194301437e-05,4.479397240712697e-09,1.168115657158855e-08,4.488215620149718e-09,4.101115848246676e-08,4.319511109954459e-09,4.436210063142097e-07
4.524197886915084e-09,1,4.515103880226785e-09,1,4.33860515045505e-09,1,4.524197886915084e-09,4.201151570747381e-07,4.515103880226785e-09,2.76849137718739e-06,4.33860515045505e-09,4.04944431319833e-05,4.524197886915084e-09,2.00894039863e-09,4.515103880226785e-09,2.321005777878344e-08,4.33860515045505e-09,4.105461816331126e-07
4.586385525651747e-09,1,4.561971902644238e-09,1,4.376793231456232e-09,1,4.586385525651747e-09,1.360553979789371e-07,4.561971902644238e-09,1.110017335775049e-06,4.376793231456232e-09,3.687181321936533e-05,4.586385525651747e-09,2.767627730693747e-09,4.561971902644238e-09,1.012629172067739e-08,4.376793231456232e-09,3.560212860388651e-07
4.660568378413161e-09,1,4.607259043495341e-09,1,4.444472412902027e-09,1,4.660568378413161e-09,-9.336563839634779e-09,4.607259043495341e-09,3.773657918544502e-07,4.444472412902027e-09,2.759607282900035e-05,4.660568378413161e-09,-1.670822438189912e-09,4.607259043495341e-09,2.643959848961479e-09,4.444472412902027e-09,2.455710095199817e-07
4.770643367126831e-09,1,4.670618031500977e-09,1,4.502174086703844e-09,1,4.770643367126831e-09,2.336248079309587e-08,4.670618031500977e-09,1.329462504409772e-07,4.502174086703844e-09,1.478001040298064e-05,4.770643367126831e-09,1.797938440423869e-09,4.670618031500977e-09,1.739721507129542e-09,4.502174086703844e-09,1.313110839584878e-07
4.9e-09,1,4.74679743621812e-09,1,4.554706477360544e-09,1,4.9e-09,-2.391220401567832e-08,4.74679743621812e-09,-2.13146436952893e-08,4.554706477360544e-09,6.264741117819331e-06,4.9e-09,-1.795412619477718e-09,4.74679743621812e-09,-7.728846196707447e-10,4.554706477360544e-09,5.17460485376741e-08
4.9015625e-09,0.9843750000000009,4.860027041731997e-09,1,4.597903749546951e-09,1,4.9015625e-09,8.921560374878944e-07,4.860027041731997e-09,3.226721523630937e-08,4.597903749546951e-09,2.675916566238179e-06,4.9015625e-09,7.231367261235265e-07,4.860027041731997e-09,8.739400514509214e-10,4.597903749546951e-09,2.533697557250647e-08
4.9046875e-09,0.9531249999999986,5e-09,1,4.645850224485131e-09,1,4.9046875e-09,8.455087783783933e-07,5e-09,-3.282015331687743e-08,4.645850224485131e-09,1.061633079814969e-06,4.9046875e-09,7.196757751702508e-07,5e-09,-8.716835942037795e-10,4.645850224485131e-09,6.783885900407457e-09
4.910937500000001e-09,0.8906249999999939,5.0015625e-09,0.9921875000000004,4.692237418403503e-09,1,4.910937500000001e-09,7.719994819251905e-07,5.0015625e-09,4.460126752090304e-07,4.692237418403503e-09,3.329493019601067e-07,4.910937500000001e-09,7.086170986393622e-07,5.0015625e-09,3.618254867278886e-07,4.692237418403503e-09,5.189595160363813e-09
4.923437500000002e-09,0.7656249999999845,5.0046875e-09,0.9765624999999992,4.751246268230923e-09,1,4.923437500000002e-09,7.18780310284963e-07,5.0046875e-09,4.21561261972717e-07,4.751246268230923e-09,1.486867854059166e-07,4.923437500000002e-09,6.930015018203061e-07,5.0046875e-09,3.615614085952393e-07,4.751246268230923e-09,-1.052118251119089e-09
4.948437500000004e-09,0.5156249999999657,5.010937500000001e-09,0.9453124999999969,4.828259584517975e-09,1,4.948437500000004e-09,-1.20240447469e-07,5.010937500000001e-09,3.777615672410917e-07,4.828259584517975e-09,-3.224596021547073e-08,4.948437500000004e-09,1.657161296035682e-06,5.010937500000001e-09,3.582629685550804e-07,4.828259584517975e-09,2.060162309994016e-09
4.974218750000001e-09,0.2578124999999877,5.023437500000002e-09,0.8828124999999922,4.941972133830923e-09,1,4.974218750000001e-09,-1.992119990522786e-05,5.023437500000002e-09,3.228156911231807e-07,4.941972133830923e-09,4.343637521122231e-08,4.974218750000001e-09,2.249413103346123e-05,5.023437500000002e-09,3.537793083716639e-07,4.941972133830923e-09,-1.957208903943803e-09
4.987109375000001e-09,0.1289062499999946,5.048437500000004e-09,0.7578124999999829,5.1e-09,1,4.987109375000001e-09,-3.932534519689341e-05,5.048437500000004e-09,2.913398309041507e-07,5.1e-09,-4.398405653918623e-08,4.987109375000001e-09,4.197255273497325e-05,5.048437500000004e-09,3.466814935404309e-07,5.1e-09,1.95962141809814e-09
5e-09,1.443289932012704e-15,5.098437500000008e-09,0.507812499999964,5.102500000000001e-09,0.9916666666666655,5e-09,-5.971588993676131e-05,5.098437500000008e-09,-6.178056190627831e-07,5.102500000000001e-09,2.923814081702948e-07,5e-09,6.293411472345687e-05,5.098437500000008e-09,1.405683200041497e-06,5.102500000000001e-09,2.413455315404191e-07
5.001046676528832e-09,0,5.128046670085063e-09,0.3597666495746853,5.107500000000001e-09,0.9749999999999964,5.001046676528832e-09,-6.021045693884714e-05,5.128046670085063e-09,-8.052589403283391e-06,5.107500000000001e-09,2.665983950366272e-07,5.001046676528832e-09,6.098194916563453e-05,5.128046670085063e-09,9.221138423957147e-06,5.107500000000001e-09,2.406614564445438e-07
5.003140029586497e-09,0,5.151977132808579e-09,0.2401143359571091,5.117500000000003e-09,0.9416666666666584,5.003140029586497e-09,-6.000675758006373e-05,5.151977132808579e-09,-2.253982716943081e-05,5.117500000000003e-09,2.251077087542714e-07,5.003140029586497e-09,6.074545640974438e-05,5.151977132808579e-09,2.387266531468068e-05,5.117500000000003e-09,2.386419138791213e-07
5.006921001751491e-09,0,5.177373598231361e-09,0.1131320088431962,5.137500000000005e-09,0.8749999999999823,5.006921001751491e-09,-5.961461304435062e-05,5.177373598231361e-09,-4.147555236104024e-05,5.137500000000005e-09,1.776896728700972e-07,5.006921001751491e-09,6.037296477149771e-05,5.177373598231361e-09,4.3199328840238e-05,5.137500000000005e-09,2.34952754988925e-07
5.014482946081478e-09,0,5.2e-09,0,5.177500000000011e-09,0.7416666666666302,5.014482946081478e-09,-5.882305271534912e-05,5.2e-09,-5.790804159733987e-05,5.177500000000011e-09,1.624032199501309e-07,5.014482946081478e-09,5.95372065383326e-05,5.2e-09,5.973283605607035e-05,5.177500000000011e-09,2.332413187005674e-07
5.029606834741452e-09,0,5.202431330979295e-09,0,5.257500000000022e-09,0.4749999999999258,5.029606834741452e-09,-5.710328378973534e-05,5.202431330979295e-09,-5.796955531382843e-05,5.257500000000022e-09,-1.452334381490466e-06,5.029606834741452e-09,5.781283632673701e-05,5.202431330979295e-09,5.868478536898995e-05,5.257500000000022e-09,2.029450049718376e-06
5.059854612061401e-09,0,5.207293992937884e-09,0,5.290335712259852e-09,0.3655476258004928,5.059854612061401e-09,-5.306388822932466e-05,5.207293992937884e-09,-5.741044217143868e-05,5.290335712259852e-09,-7.618131831150862e-06,5.059854612061401e-09,5.368016246891716e-05,5.207293992937884e-09,5.810839097805343e-05,5.290335712259852e-09,8.430435620467296e-06
5.113842336415992e-09,0,5.214420033707604e-09,0,5.319633026415402e-09,0.267889911948661,5.113842336415992e-09,-4.158865776171316e-05,5.214420033707604e-09,-5.655465519795242e-05,5.319633026415402e-09,-1.86687521467458e-05,5.113842336415992e-09,4.208457972676491e-05,5.214420033707604e-09,5.724447576839398e-05,5.319633026415402e-09,1.958529703921639e-05
5.157594208651706e-09,0,5.228672115247046e-09,0,5.351676725738993e-09,0.1610775808700243,5.157594208651706e-09,-2.521977920744301e-05,5.228672115247046e-09,-5.470550808711385e-05,5.351676725738993e-09,-3.385817463288277e-05,5.157594208651706e-09,2.553246336965022e-05,5.228672115247046e-09,5.535788104581335e-05,5.351676725738993e-09,3.508168676885044e-05
5.197030468333801e-09,0,5.257176278325929e-09,0,5.375838362869496e-09,0.08053879043501322,5.197030468333801e-09,-1.230081735237015e-05,5.257176278325929e-09,-5.023248592983156e-05,5.375838362869496e-09,-4.53214803942823e-05,5.197030468333801e-09,1.253992604353641e-05,5.257176278325929e-09,5.082664263297578e-05,5.375838362869496e-09,4.660838907385417e-05
5.243216699326075e-09,0,5.30547518928313e-09,0,5.4e-09,0,5.243216699326075e-09,-4.453768710859873e-06,5.30547518928313e-09,-3.775208611115775e-05,5.4e-09,-5.559483774910098e-05,5.243216699326075e-09,4.501345914891976e-06,5.30547518928313e-09,3.818821197066364e-05,5.4e-09,5.70846325501165e-05
5.281700379875111e-09,0,5.344671619756438e-09,0,5.403020204641313e-09,0,5.281700379875111e-09,-1.749784754457159e-06,5.344671619756438e-09,-2.25022962456141e-05,5.403020204641313e-09,-5.540992570581724e-05,5.281700379875111e-09,1.813935202899461e-06,5.344671619756438e-09,2.281639755171434e-05,5.403020204641313e-09,5.607965437426814e-05
5.318733338445133e-09,0,5.383406608345791e-09,0,5.404530306961969e-09,0,5.318733338445133e-09,-7.763243129043785e-07,5.383406608345791e-09,-1.085183376735385e-05,5.404530306961969e-09,-5.520954958980526e-05,5.318733338445133e-09,7.583398231311238e-07,5.383406608345791e-09,1.104553999393648e-05,5.404530306961969e-09,5.587125546995179e-05
5.361342510667423e-09,0,5.416783201155962e-09,0,5.407550511603281e-09,0,5.361342510667423e-09,-2.166149746080073e-07,5.416783201155962e-09,-5.304782402687211e-06,5.407550511603281e-09,-5.480281377605092e-05,5.361342510667423e-09,2.528287523210413e-07,5.416783201155962e-09,5.388677241759177e-06,5.407550511603281e-09,5.546281671703195e-05
5.419190182495956e-09,0,5.453692056692199e-09,0,5.413590920885905e-09,0,5.419190182495956e-09,-9.208080101711815e-08,5.453692056692199e-09,-2.251241334634148e-06,5.413590920885905e-09,-5.395676702552587e-05,5.419190182495956e-09,6.158866997801974e-08,5.453692056692199e-09,2.302652757400405e-06,5.413590920885905e-09,5.459890758631281e-05
5.500287250742727e-09,0,5.489326559588631e-09,0,5.425671739451153e-09,0,5.500287250742727e-09,3.754324884847069e-08,5.489326559588631e-09,-9.750622889886683e-07,5.425671739451153e-09,-5.212214160823e-05,5.500287250742727e-09,-6.027967047531843e-09,5.489326559588631e-09,9.824293073095785e-07,5.425671739451153e-09,5.274198717845164e-05
5.620988659483459e-09,0,5.532672291477293e-09,0,5.449833376581649e-09,0,5.620988659483459e-09,-3.923410873748624e-08,5.532672291477293e-09,-3.242287854154054e-07,5.449833376581649e-09,-4.763572985333352e-05,5.620988659483459e-09,7.78628345765681e-09,5.532672291477293e-09,3.407004595819758e-07,5.449833376581649e-09,4.819048669913561e-05
5.780988659483459e-09,0,5.586766216680863e-09,0,5.492364743534294e-09,0,5.780988659483459e-09,3.942100711111858e-08,5.586766216680863e-09,-8.453510633561991e-08,5.492364743534294e-09,-3.49565745021686e-05,5.780988659483459e-09,-7.95272466730651e-09,5.586766216680863e-09,7.56142114699461e-08,5.492364743534294e-09,3.536972529232769e-05
5.890494329741729e-09,0,5.661672836411876e-09,0,5.528128466217546e-09,0,5.890494329741729e-09,-3.953442443920929e-08,5.661672836411876e-09,5.574718084792195e-11,5.528128466217546e-09,-2.102635831271913e-05,5.890494329741729e-09,8.105675821192856e-09,5.661672836411876e-09,1.044550766193814e-08,5.528128466217546e-09,2.132577658949611e-05
6.000000000000001e-09,0,5.7695005458861e-09,0,5.567244953057824e-09,0,6.000000000000001e-09,3.954372584390693e-08,5.7695005458861e-09,-6.181856829997291e-09,5.567244953057824e-09,-9.832711286378351e-06,6.000000000000001e-09,-8.093195490540296e-09,5.7695005458861e-09,-4.184880692507134e-09,5.567244953057824e-09,1.001279612538338e-05
6.001562500000001e-09,0.01562500000000117,5.88475027294305e-09,0,5.586803196477962e-09,0,6.001562500000001e-09,-1.227865290294844e-06,5.88475027294305e-09,7.424940238482864e-09,5.586803196477962e-09,-6.627580731505285e-06,6.001562500000001e-09,-1.23222049287461e-06,5.88475027294305e-09,2.946290436708812e-09,5.586803196477962e-09,6.72956449696152e-06
6.004687500000001e-09,0.04687500000000352,6.000000000000001e-09,0,5.623763377640439e-09,0,6.004687500000001e-09,-1.155811101733803e-06,6.000000000000001e-09,-7.600062257595731e-09,5.623763377640439e-09,-2.759788886756069e-06,6.004687500000001e-09,-1.316841931306567e-06,6.000000000000001e-09,-2.735532280194689e-09,5.623763377640439e-09,2.824560118458295e-06
6.010937500000002e-09,0.1093750000000082,6.001562500000001e-09,0.007812500000000586,5.657476237862567e-09,0,6.010937500000002e-09,-1.022367845268388e-06,6.001562500000001e-09,-6.139533154703803e-07,5.657476237862567e-09,-1.345224436623406e-06,6.010937500000002e-09,-1.41771541893342e-06,6.001562500000001e-09,-6.16535550264591e-07,5.657476237862567e-09,1.354987159599215e-06
6.023437500000003e-09,0.2343750000000176,6.004687500000001e-09,0.02343750000000176,5.701660547013686e-09,0,6.023437500000003e-09,-9.042653000026913e-07,6.004687500000001e-09,-5.767472642461907e-07,5.701660547013686e-09,-3.631253326852988e-07,6.023437500000003e-09,-1.478118145964388e-06,6.004687500000001e-09,-6.621216551913595e-07,5.701660547013686e-09,3.84655664366125e-07
6.048437500000004e-09,0.4843750000000364,6.010937500000002e-09,0.05468750000000411,5.751772182921702e-09,0,6.048437500000004e-09,-2.56263326916415e-07,6.010937500000002e-09,-5.024484187239178e-07,5.751772182921702e-09,-1.810741914709069e-07,6.048437500000004e-09,-9.001397507215077e-07,6.010937500000002e-09,-7.254802744947586e-07,5.751772182921702e-09,1.695813822690776e-07
6.074218750000003e-09,0.7421875000000226,6.023437500000003e-09,0.1171875000000088,5.821210502920466e-09,0,6.074218750000003e-09,1.340678970696036e-05,6.023437500000003e-09,-4.101174986628591e-07,5.821210502920466e-09,5.076061619006078e-08,6.074218750000003e-09,-3.875281780420885e-07,6.023437500000003e-09,-8.189540146099685e-07,5.821210502920466e-09,-3.684508292473458e-08
6.087109375000002e-09,0.8710937500000075,6.048437500000004e-09,0.2421875000000182,5.917329313765414e-09,0,6.087109375000002e-09,2.842503682148016e-05,6.048437500000004e-09,-3.330789121188481e-07,5.917329313765414e-09,-6.443075237037096e-08,6.087109375000002e-09,-4.67793765946948e-07,6.048437500000004e-09,-8.453371264538505e-07,5.917329313765414e-09,5.078630953650161e-08
6.100000000000001e-09,1,6.098437500000008e-09,0.492187500000037,6.000000000000001e-09,0,6.100000000000001e-09,4.555905676750299e-05,6.098437500000008e-09,2.713457459247175e-07,6.000000000000001e-09,6.598015073048151e-08,6.100000000000001e-09,-4.851981904603057e-08,6.098437500000008e-09,-4.419621202989613e-07,6.000000000000001e-09,-5.233831253367308e-08
6.10106318947141e-09,1,6.149218750000005e-09,0.7460937500000188,6.0025e-09,0.008333333333331753,6.10106318947141e-09,4.597686420906897e-05,6.149218750000005e-09,1.397058937788389e-05,6.0025e-09,-4.015352045528421e-07,6.10106318947141e-09,5.492247842884504e-07,6.149218750000005e-09,-1.057781737510823e-07,6.0025e-09,-4.200658586070769e-07
6.103189568414228e-09,1,6.174609375000003e-09,0.8730468750000118,6.007499999999999e-09,0.02499999999999526,6.103189568414228e-09,4.585230007973899e-05,6.174609375000003e-09,2.865755303814139e-05,6.007499999999999e-09,-3.610471257731029e-07,6.103189568414228e-09,5.462842459675771e-07,6.174609375000003e-09,-6.156130606371181e-08,6.007499999999999e-09,-4.640305316460026e-07
6.106983239121803e-09,1,6.200000000000001e-09,1,6.017499999999997e-09,0.05833333333332227,6.106983239121803e-09,4.561514297517673e-05,6.200000000000001e-09,4.451809038330712e-05,6.017499999999997e-09,-2.926792601001617e-07,6.106983239121803e-09,5.360962268039662e-07,6.200000000000001e-09,2.074358307833805e-07,6.017499999999997e-09,-5.275522461724421e-07
6.114570580536951e-09,1,6.201734801471091e-09,1,6.037499999999994e-09,0.1249999999999763,6.114570580536951e-09,4.51422136304033e-05,6.201734801471091e-09,4.463803713059875e-05,6.037499999999994e-09,-2.136929450590914e-07,6.114570580536951e-09,5.218544368234885e-07,6.201734801471091e-09,5.062486632004295e-07,6.037499999999994e-09,-6.04546542332473e-07
6.129745263367247e-09,1,6.205204404413271e-09,1,6.077499999999986e-09,0.2583333333332843,6.129745263367247e-09,4.413409914478791e-05,6.205204404413271e-09,4.440950585037779e-05,6.077499999999986e-09,-1.710274162317498e-07,6.129745263367247e-09,4.901607452579065e-07,6.205204404413271e-09,4.985404735592614e-07,6.077499999999986e-09,-6.080530433532052e-07
6.16009462902784e-09,1,6.21214361029763e-09,1,6.157499999999971e-09,0.5249999999999004,6.16009462902784e-09,4.190949993515981e-05,6.21214361029763e-09,4.393282811352361e-05,6.157499999999971e-09,8.731233636472999e-07,6.16009462902784e-09,4.388411924623302e-07,6.21214361029763e-09,4.865587280520576e-07,6.157499999999971e-09,-2.342147922164182e-07
6.220793360349025e-09,1,6.226022022066349e-09,1,6.201433194796288e-09,0.6714439826542913,6.220793360349025e-09,3.63222527525692e-05,6.226022022066349e-09,4.294165140836419e-05,6.201433194796288e-09,7.288540993402499e-06,6.220793360349025e-09,3.443380504410801e-07,6.226022022066349e-09,4.608507766941374e-07,6.201433194796288e-09,-1.104158467537464e-07
6.291038745942927e-09,1,6.253778845603787e-09,1,6.235660279993034e-09,0.7855342666434449,6.291038745942927e-09,2.604123392979845e-05,6.253778845603787e-09,4.074340753751135e-05,6.235660279993034e-09,1.818005728497581e-05,6.291038745942927e-09,2.342033974770442e-07,6.253778845603787e-09,4.164363304613838e-07,6.235660279993034e-09,-2.136406100944687e-08
6.351403501369406e-09,1,6.309292492678663e-09,1,6.271815329090052e-09,0.9060510969668365,6.351403501369406e-09,1.270905566421201e-05,6.309292492678663e-09,3.532081599313754e-05,6.271815329090052e-09,3.251499387967324e-05,6.351403501369406e-09,1.089093890578601e-07,6.309292492678663e-09,3.322775224664573e-07,6.271815329090052e-09,1.598011394692385e-07
6.405105691187616e-09,1,6.377255280497093e-09,1,6.300000000000001e-09,1,6.405105691187616e-09,5.026576792100533e-06,6.377255280497093e-09,2.458347770405562e-05,6.300000000000001e-09,4.327678635299924e-05,6.405105691187616e-09,4.495929147177665e-08,6.377255280497093e-09,2.193878360685864e-07,6.300000000000001e-09,2.164986411288384e-07
6.431956786096721e-09,1,6.43425620541187e-09,1,6.30332136323411e-09,1,6.431956786096721e-09,2.99901756324636e-06,6.43425620541187e-09,1.204778179658788e-05,6.30332136323411e-09,4.327401854407629e-05,6.431956786096721e-09,2.419409526032663e-08,6.43425620541187e-09,1.04070969042637e-07,6.30332136323411e-09,4.708871547473021e-07
6.479397240712711e-09,1,6.488215620149719e-09,1,6.309964089702328e-09,1,6.479397240712711e-09,1.17427890229742e-06,6.488215620149719e-09,4.687486639576632e-06,6.309964089702328e-09,4.278885927106097e-05,6.479397240712711e-09,1.168115657143111e-08,6.488215620149719e-09,4.10111584824699e-08,6.309964089702328e-09,4.567836160686407e-07
6.524197886915099e-09,1,6.515103880226786e-09,1,6.319511109954537e-09,1,6.524197886915099e-09,4.20115157074412e-07,6.515103880226786e-09,2.768491377187369e-06,6.319511109954537e-09,4.205561942908165e-05,6.524197886915099e-09,2.008940398785839e-09,6.515103880226786e-09,2.321005777877843e-08,6.319511109954537e-09,4.436210089498725e-07
6.586385525651766e-09,1,6.56197190264424e-09,1,6.338605150458954e-09,1,6.586385525651766e-09,1.360553979790781e-07,6.56197190264424e-09,1.11001733577501e-06,6.338605150458954e-09,4.04944431314502e-05,6.586385525651766e-09,2.767627730537936e-09,6.56197190264424e-09,1.012629172068235e-08,6.338605150458954e-09,4.105461763388619e-07
6.660568378413189e-09,1,6.607259043495343e-09,1,6.376793231467789e-09,1,6.660568378413189e-09,-9.336563839848654e-09,6.607259043495343e-09,3.773657918544661e-07,6.376793231467789e-09,3.687181321994178e-05,6.660568378413189e-09,-1.670822438034981e-09,6.607259043495343e-09,2.643959848957291e-09,6.376793231467789e-09,3.560212926493803e-07
6.770643367126872e-09,1,6.670618031500978e-09,1,6.44447241304986e-09,1,6.770643367126872e-09,2.336248079330224e-08,6.670618031500978e-09,1.329462504409485e-07,6.44447241304986e-09,2.759607279818438e-05,6.770643367126872e-09,1.797938440268827e-09,6.670618031500978e-09,1.739721507133787e-09,6.44447241304986e-09,2.455710018476497e-07
6.900000000000001e-09,1,6.746797436218122e-09,1,6.502174086771832e-09,1,6.900000000000001e-09,-2.391220401588458e-08,6.746797436218122e-09,-2.131464369526241e-08,6.502174086771832e-09,1.478001039590478e-05,6.900000000000001e-09,-1.795412619322955e-09,6.746797436218122e-09,-7.72884619675367e-10,6.502174086771832e-09,1.313110921450836e-07
6.901562500000001e-09,0.9843750000000009,6.860027041731999e-09,1,6.554706477480062e-09,1,6.901562500000001e-09,8.921560374878941e-07,6.860027041731999e-09,3.226721523628564e-08,6.554706477480062e-09,6.264741097834037e-06,6.901562500000001e-09,7.231367261235263e-07,6.860027041731999e-09,8.739400514555587e-10,6.554706477480062e-09,5.174603915231949e-08
6.904687500000001e-09,0.9531249999999986,7.000000000000001e-09,1,6.597903749625472e-09,1,6.904687500000001e-09,8.455087783784089e-07,7.000000000000001e-09,-3.282015331685414e-08,6.597903749625472e-09,2.675916570129632e-06,6.904687500000001e-09,7.196757751702506e-07,7.000000000000001e-09,-8.716835942085424e-10,6.597903749625472e-09,2.533698598491223e-08
6.910937500000001e-09,0.8906249999999939,7.001562500000001e-09,0.9921875000000004,6.645850224537385e-09,1,6.910937500000001e-09,7.719994819251811e-07,7.001562500000001e-09,4.460126752089661e-07,6.645850224537385e-09,1.061633070424818e-06,6.910937500000001e-09,7.086170986393623e-07,7.001562500000001e-09,3.61825486727929e-07,6.645850224537385e-09,6.783874389869816e-09
6.923437500000002e-09,0.7656249999999845,7.004687500000001e-09,0.9765624999999992,6.692237418466184e-09,1,6.923437500000002e-09,7.187803102849751e-07,7.004687500000001e-09,4.21561261972783e-07,6.692237418466184e-09,3.329493108249768e-07,6.923437500000002e-09,6.930015018203063e-07,7.004687500000001e-09,3.615614085952174e-07,6.692237418466184e-09,5.189607752187959e-09
6.948437500000004e-09,0.5156249999999657,7.010937500000001e-09,0.9453124999999969,6.751246268301068e-09,1,6.948437500000004e-09,-1.202404474690136e-07,7.010937500000001e-09,3.777615672410122e-07,6.751246268301068e-09,1.486867754196042e-07,6.948437500000004e-09,1.657161296035682e-06,7.010937500000001e-09,3.582629685551074e-07,6.751246268301068e-09,-1.052131705903371e-09
6.974218750000003e-09,0.2578124999999795,7.023437500000002e-09,0.8828124999999922,6.828259584670416e-09,1,6.974218750000003e-09,-1.992119990522899e-05,7.023437500000002e-09,3.228156911232548e-07,6.828259584670416e-09,-3.224595018038807e-08,6.974218750000003e-09,2.249413103346241e-05,7.023437500000002e-09,3.537793083716405e-07,6.828259584670416e-09,2.06017641896155e-09
6.987109375000001e-09,0.1289062499999946,7.048437500000004e-09,0.7578124999999829,6.941972133911845e-09,1,6.987109375000001e-09,-3.932534519689343e-05,7.048437500000004e-09,2.913398309040736e-07,6.941972133911845e-09,4.343636495061135e-08,6.987109375000001e-09,4.197255273497327e-05,7.048437500000004e-09,3.466814935404545e-07,6.941972133911845e-09,-1.957223457560613e-09
7.000000000000001e-09,1.443289932012704e-15,7.098437500000008e-09,0.507812499999964,7.100000000000001e-09,1,7.000000000000001e-09,-5.971588993676127e-05,7.098437500000008e-09,-6.178056190627088e-07,7.100000000000001e-09,-4.398404607367806e-08,7.000000000000001e-09,6.293411472345684e-05,7.098437500000008e-09,1.405683200041474e-06,7.100000000000001e-09,1.959636292033765e-09
7.001046676528833e-09,0,7.128046670085064e-09,0.3597666495746853,7.1025e-09,0.9916666666666683,7.001046676528833e-09,-6.021045693884713e-05,7.128046670085064e-09,-8.052589403283467e-06,7.1025e-09,2.923814049215624e-07,7.001046676528833e-09,6.09819491656346e-05,7.128046670085064e-09,9.221138423957171e-06,7.1025e-09,2.413455264846332e-07
7.003140029586498e-09,0,7.151977132808579e-09,0.2401143359571091,7.107499999999999e-09,0.9750000000000048,7.003140029586498e-09,-6.000675758006373e-05,7.151977132808579e-09,-2.253982716943073e-05,7.107499999999999e-09,2.665983982785807e-07,7.003140029586498e-09,6.074545640974431e-05,7.151977132808579e-09,2.387266531468065e-05,7.107499999999999e-09,2.406614614858102e-07
7.006921001751491e-09,0,7.177373598231362e-09,0.1131320088431962,7.117499999999997e-09,0.9416666666666778,7.006921001751491e-09,-5.961461304435064e-05,7.177373598231362e-09,-4.147555236104031e-05,7.117499999999997e-09,2.251077055160917e-07,7.006921001751491e-09,6.03729647714978e-05,7.177373598231362e-09,4.319932884023803e-05,7.117499999999997e-09,2.386419088455474e-07
7.014482946081478e-09,0,7.200000000000001e-09,0,7.137499999999994e-09,0.8750000000000236,7.014482946081478e-09,-5.882305271534906e-05,7.200000000000001e-09,-5.79080415973398e-05,7.137499999999994e-09,1.776896761054911e-07,7.014482946081478e-09,5.953720653833248e-05,7.200000000000001e-09,5.973283605607032e-05,7.137499999999994e-09,2.349527600190508e-07
7.029606834741453e-09,0,7.202431330979295e-09,0,7.177499999999986e-09,0.7416666666667157,7.029606834741453e-09,-5.710328378973538e-05,7.202431330979295e-09,-5.796955531382842e-05,7.177499999999986e-09,1.624032167159423e-07,7.029606834741453e-09,5.781283632673711e-05,7.202431330979295e-09,5.868478536898996e-05,7.177499999999986e-09,2.332413136720596e-07
7.059854612061402e-09,0,7.207293992937884e-09,0,7.257499999999971e-09,0.4750000000000996,7.059854612061402e-09,-5.306388822932462e-05,7.207293992937884e-09,-5.74104421714387e-05,7.257499999999971e-09,-1.452334378245681e-06,7.059854612061402e-09,5.368016246891704e-05,7.207293992937884e-09,5.810839097805343e-05,7.257499999999971e-09,2.029450054734002e-06
7.113842336416009e-09,0,7.214420033707605e-09,0,7.290335712259774e-09,0.3655476258007547,7.113842336416009e-09,-4.158865776170833e-05,7.214420033707605e-09,-5.65546551979524e-05,7.290335712259774e-09,-7.618131834380709e-06,7.113842336416009e-09,4.208457972676009e-05,7.214420033707605e-09,5.724447576839398e-05,7.290335712259774e-09,8.430435615440726e-06
7.157594208651719e-09,0,7.228672115247047e-09,0,7.319633026415364e-09,0.2678899119487879,7.157594208651719e-09,-2.521977920743788e-05,7.228672115247047e-09,-5.470550808711386e-05,7.319633026415364e-09,-1.866875214346591e-05,7.157594208651719e-09,2.553246336964498e-05,7.228672115247047e-09,5.535788104581334e-05,7.319633026415364e-09,1.958529704418618e-05
7.197030468333818e-09,0,7.25717627832593e-09,0,7.351676725738987e-09,0.1610775808700463,7.197030468333818e-09,-1.23008173523662e-05,7.25717627832593e-09,-5.023248592983153e-05,7.351676725738987e-09,-3.385817463614708e-05,7.197030468333818e-09,1.253992604353247e-05,7.25717627832593e-09,5.082664263297578e-05,7.351676725738987e-09,3.508168676387064e-05
7.243216699326099e-09,0,7.305475189283128e-09,0,7.375838362869494e-09,0.08053879043502143,7.243216699326099e-09,-4.453768710857259e-06,7.305475189283128e-09,-3.775208611115859e-05,7.375838362869494e-09,-4.53214803910153e-05,7.243216699326099e-09,4.501345914889246e-06,7.305475189283128e-09,3.818821197066447e-05,7.375838362869494e-09,4.660838907882324e-05
7.281700379875131e-09,0,7.344671619756437e-09,0,7.400000000000001e-09,0,7.281700379875131e-09,-1.749784754456433e-06,7.344671619756437e-09,-2.250229624561472e-05,7.400000000000001e-09,-5.559483775236424e-05,7.281700379875131e-09,1.813935202898795e-06,7.344671619756437e-09,2.281639755171498e-05,7.400000000000001e-09,5.708463254515177e-05
7.318733338445155e-09,0,7.383406608345789e-09,0,7.403020204641315e-09,0,7.318733338445155e-09,-7.763243129038224e-07,7.383406608345789e-09,-1.08518337673543e-05,7.403020204641315e-09,-5.540992570582136e-05,7.318733338445155e-09,7.583398231304821e-07,7.383406608345789e-09,1.104553999393691e-05,7.403020204641315e-09,5.607965437425607e-05
7.361342510667448e-09,0,7.416783201155964e-09,0,7.404530306961971e-09,0,7.361342510667448e-09,-2.166149746079573e-07,7.416783201155964e-09,-5.304782402686969e-06,7.404530306961971e-09,-5.520954958980208e-05,7.361342510667448e-09,2.528287523210678e-07,7.416783201155964e-09,5.388677241758957e-06,7.404530306961971e-09,5.587125546996466e-05
7.419190182495998e-09,0,7.453692056692201e-09,0,7.407550511603285e-09,0,7.419190182495998e-09,-9.20808010169068e-08,7.453692056692201e-09,-2.251241334634036e-06,7.407550511603285e-09,-5.480281377605442e-05,7.419190182495998e-09,6.158866997772703e-08,7.453692056692201e-09,2.302652757400257e-06,7.407550511603285e-09,5.54628167170195e-05
7.500287250742779e-09,0,7.489326559588634e-09,0,7.413590920885912e-09,0,7.500287250742779e-09,3.754324884835063e-08,7.489326559588634e-09,-9.750622889886092e-07,7.413590920885912e-09,-5.395676702552207e-05,7.500287250742779e-09,-6.02796704733323e-09,7.489326559588634e-09,9.824293073095541e-07,7.413590920885912e-09,5.45989075863249e-05
7.62098865948353e-09,0,7.532672291477294e-09,0,7.425671739451167e-09,0,7.62098865948353e-09,-3.923410873733169e-08,7.532672291477294e-09,-3.242287854153572e-07,7.425671739451167e-09,-5.212214160823187e-05,7.62098865948353e-09,7.78628345742243e-09,7.532672291477294e-09,3.407004595818906e-07,7.425671739451167e-09,5.274198717843758e-05
7.780988659483529e-09,0,7.58676621668087e-09,0,7.449833376581676e-09,0,7.780988659483529e-09,3.942100711095824e-08,7.58676621668087e-09,-8.453510633564323e-08,7.449833376581676e-09,-4.763572985332522e-05,7.780988659483529e-09,-7.952724667067437e-09,7.58676621668087e-09,7.561421147000781e-08,7.449833376581676e-09,4.819048669914315e-05
7.890494329741766e-09,0,7.661672836411874e-09,0,7.492364743534328e-09,0,7.890494329741766e-09,-3.953442443907455e-08,7.661672836411874e-09,5.574718089769506e-11,7.492364743534328e-09,-3.495657450216093e-05,7.890494329741766e-09,8.105675820979444e-09,7.661672836411874e-09,1.044550766184525e-08,7.492364743534328e-09,3.536972529230401e-05
8e-09,0,7.769500545886103e-09,0,7.528128466217577e-09,0,8e-09,3.954372584375594e-08,7.769500545886103e-09,-6.181856830054307e-09,7.528128466217577e-09,-2.102635831270605e-05,8e-09,-8.093195490309691e-09,7.769500545886103e-09,-4.184880692407502e-09,7.528128466217577e-09,2.132577658949885e-05
  ,  ,7.884750272943052e-09,0,7.56724495305786e-09,0,  ,  ,7.884750272943052e-09,7.424940238556079e-09,7.56724495305786e-09,-9.832711286375077e-06,  ,  ,7.884750272943052e-09,2.946290436593602e-09,7.56724495305786e-09,1.00127961253641e-05
  ,  ,8e-09,0,7.586803196478001e-09,0,  ,  ,8e-09,-7.600062257652231e-09,7.586803196478001e-09,-6.62758073149668e-06,  ,  ,8e-09,-2.735532280096619e-09,7.586803196478001e-09,6.729564496968729e-06
  ,  ,  ,  ,7.623763377640474e-09,0,  ,  ,  ,  ,7.623763377640474e-09,-2.759788886757573e-06,  ,  ,  ,  ,7.623763377640474e-09,2.824560118443867e-06
  ,  ,  ,  ,7.657476237862604e-09,0,  ,  ,  ,  ,7.657476237862604e-09,-1.345224436618867e-06,  ,  ,  ,  ,7.657476237862604e-09,1.354987159610535e-06
  ,  ,  ,  ,7.701660547013731e-09,0,  ,  ,  ,  ,7.701660547013731e-09,-3.63125332688408e-07,  ,  ,  ,  ,7.701660547013731e-09,3.84655664353349e-07
  ,  ,  ,  ,7.751772182921757e-09,0,  ,  ,  ,  ,7.751772182921757e-09,-1.810741914671595e-07,  ,  ,  ,  ,7.751772182921757e-09,1.695813822811961e-07
  ,  ,  ,  ,7.821210502920547e-09,0,  ,  ,  ,  ,7.821210502920547e-09,5.076061618650436e-08,  ,  ,  ,  ,7.821210502920547e-09,-3.684508293705376e-08
  ,  ,  ,  ,7.917329313765539e-09,0,  ,  ,  ,  ,7.917329313765539e-09,-6.443075236678128e-08,  ,  ,  ,  ,7.917329313765539e-09,5.078630954877838e-08
  ,  ,  ,  ,8e-09,0,  ,  ,  ,  ,8e-09,6.598015072694779e-08,  ,  ,  ,  ,8e-09,-5.233831254600704e-08
